"id","title","description","availability","condition","price","link","image_link","brand","google_product_category","fb_product_category","quantity_to_sell_on_facebook","sale_price","sale_price_effective_date","item_group_id","gender","color","size","age_group","material","pattern","shipping","shipping_weight","style"
"1","Pansy Cotton Voil Panjabi","The mesmerizing shades of red complimenting in this panjabi were taken from organically grown madder successively. Block print has been used on cotton voil fabric to ensure the highest amount of easement. All Aranya products are hand made, using natural fibers and materials within a fair trade framework.","in stock","new","2475 BDT","https://res.cloudinary.com/diyc1dizi/image/upload/aranya-product-v2/K0010352FFS1202719/4_1.png","https://res.cloudinary.com/diyc1dizi/image/upload/aranya-product-v2/K0010352FFS1202719/4_1.png","Aranya","Kids","Kids","0","2475","","","","","","","","","","",""
"2","Deutzia baby panjabi","Dark designs on a light base and comfortable fabric makes it a perfect traditional wear for your child.All Aranya products are handmade, using natural materials, within a fair trade framework.","in stock","new","1375 BDT","https://res.cloudinary.com/diyc1dizi/image/upload/aranya-product-v2/K0010372NK10194019/5_1.png","https://res.cloudinary.com/diyc1dizi/image/upload/aranya-product-v2/K0010372NK10194019/5_1.png","Aranya","Kids","Kids","1","1375","","","","","","","","","","",""
"3","Chiliad Kids Panjabi","Pomegranate and myrobalan have been used to bring out the olive color on this wax-printed cotton kids panjabi. All Aranya products are handmade, using natural materials, within a fair trade framework.","in stock","new","1675 BDT","https://res.cloudinary.com/diyc1dizi/image/upload/aranya-product-v2/K0010373NK10194019/6_1.png","https://res.cloudinary.com/diyc1dizi/image/upload/aranya-product-v2/K0010373NK10194019/6_1.png","Aranya","Kids","Kids","1","1675","","","","","","","","","","",""
"4","Cistus Kids Panjabi","Wax-printed pure cotton kids Panjabi that has been dipped in betelnut to extract the pink shade. All Aranya products are handmade, using natural materials, within a fair trade framework.","in stock","new","1675 BDT","https://res.cloudinary.com/diyc1dizi/image/upload/aranya-product-v2/K0010374NK10194019/7_1.png","https://res.cloudinary.com/diyc1dizi/image/upload/aranya-product-v2/K0010374NK10194019/7_1.png","Aranya","Kids","Kids","3","1675","","","","","","","","","","",""
"5","Oboni Cotton Panjabi","The shiny blue in this Panjabi is taken from an enticing by indigo. Traditional tie-dyeing technique has been used on cotton and black kashmi print to create detailed intricacies. All Aranya products are hand made, using natural fibers and materials within a fair trade framework.","in stock","new","2475 BDT","https://res.cloudinary.com/diyc1dizi/image/upload/aranya-product-v2/K0010379NHS1204219/8_1.png","https://res.cloudinary.com/diyc1dizi/image/upload/aranya-product-v2/K0010379NHS1204219/8_1.png","Aranya","Kids","Kids","1","2475","","","","","","","","","","",""
"6","Mantecoso Baby Fotua","Myrabalan is used to produce the buttery golden color seen in this fotua. Wax print has been used to create the beautiful spiral imprints on a cotton fabric, which secures the smoothest touch to the skin. All Aranya products are handmade, using natural fibers and materials within a fair-trade framework.","in stock","new","565 BDT","https://res.cloudinary.com/diyc1dizi/image/upload/aranya-product-v2/K0020034RG11194619/9_1.png","https://res.cloudinary.com/diyc1dizi/image/upload/aranya-product-v2/K0020034RG11194619/9_1.png","Aranya","Kids","Kids","3","565","","","","","","","","","","",""
"7","Acacias baby fatua","The simple and monotone combination of this outfit make it a unique traditional wear.All Aranya products are handmade, using natural materials, within a fair trade framework.","in stock","new","865 BDT","https://res.cloudinary.com/diyc1dizi/image/upload/aranya-product-v2/K0020036RG11194519/10_1.png","https://res.cloudinary.com/diyc1dizi/image/upload/aranya-product-v2/K0020036RG11194519/10_1.png","Aranya","Kids","Kids","4","865","","","","","","","","","","",""
"8","Dogma kids Shirt","Handmade block-printed creates the beauty in this pure cotton kids Shirt with a rich appearance and with the application of Natural red and black come from the natural essence of madder and black kashmi. All Aranya products are handmade, using natural materials, within a fair trade framework.","in stock","new","2165 BDT","https://res.cloudinary.com/diyc1dizi/image/upload/aranya-product-v2/K0030067IJ02190719/12_2.png","https://res.cloudinary.com/diyc1dizi/image/upload/aranya-product-v2/K0030067IJ02190719/12_2.png","Aranya","Kids","Kids","5","2165","","","","","","","","","","",""
"9","Broom baby shirt","Light designs on a dark base and comfortable fabric makes it a perfect traditional wear for your child.","in stock","new","1465 BDT","https://res.cloudinary.com/diyc1dizi/image/upload/aranya-product-v2/K0030072IJ03191319/13_1.png","https://res.cloudinary.com/diyc1dizi/image/upload/aranya-product-v2/K0030072IJ03191319/13_1.png","Aranya","Kids","Kids","2","1465","","","","","","","","","","",""
"10","Decumaria baby shirt","Monotone colors and stunning designs along with a comfortable fabric makes it a perfect wear for your child.All Aranya products are handmade, using natural materials, within a fair trade framework.","in stock","new","1465 BDT","https://res.cloudinary.com/diyc1dizi/image/upload/aranya-product-v2/K0030073IJ03191319/14_2.png","https://res.cloudinary.com/diyc1dizi/image/upload/aranya-product-v2/K0030073IJ03191319/14_2.png","Aranya","Kids","Kids","1","1465","","","","","","","","","","",""
"11","Dandelion baby shirt","Light designs on a dark base and comfortable fabric makes it a perfect wear for your child. All Aranya products are handmade, using natural materials, within a fair trade framework.","in stock","new","1465 BDT","https://res.cloudinary.com/diyc1dizi/image/upload/aranya-product-v2/K0030085IJ11194419/15_1.png","https://res.cloudinary.com/diyc1dizi/image/upload/aranya-product-v2/K0030085IJ11194419/15_1.png","Aranya","Kids","Kids","1","1465","","","","","","","","","","",""
"12","Pansay Cotton Shirt","The segment of characteristic color myrobalan shows brilliant golden tone in this wax-printed cotton shirt. All Aranya products are handmade, using natural fibers and materials within a fair-trade framework.","in stock","new","1165 BDT","https://res.cloudinary.com/diyc1dizi/image/upload/aranya-product-v2/K0030086IJ11194319/16_1.png","https://res.cloudinary.com/diyc1dizi/image/upload/aranya-product-v2/K0030086IJ11194319/16_1.png","Aranya","Kids","Kids","2","1165","","","","","","","","","","",""
"13","Estrella Baby Cotton Voil Salwar Kameez","The mesmerizing combination of the pink from betelnuts and brown from catechu gives the three pieces a subtle touch of elegance, rarely found anywhere else. Wax print has been used on cotton fabric to create the unique designs, while ensuring the highest easement. \n \nAll Aranya products are handmade, using natural fibers and materials within a fair-trade framework.","in stock","new","2385 BDT","https://res.cloudinary.com/diyc1dizi/image/upload/aranya-product-v2/K0050470SF04190819/17_1.png","https://res.cloudinary.com/diyc1dizi/image/upload/aranya-product-v2/K0050470SF04190819/17_1.png","Aranya","Women>Salwar Kameez","Women>Salwar Kameez","2","2385","","","","","","","","","","",""
"14","Meghmala Linen Suit","The blue color in this salwar kameez is extracted from handpicked indigo. The Wax print has been utilized on linen fabric to create expuisite plans. All Aranya products are hand made, using natural fibers and materials within a fair trade framework.","in stock","new","2885 BDT","https://res.cloudinary.com/diyc1dizi/image/upload/aranya-product-v2/K0050500SFE1204619/18_1.png","https://res.cloudinary.com/diyc1dizi/image/upload/aranya-product-v2/K0050500SFE1204619/18_1.png","Aranya","Women>Salwar Kameez","Women>Salwar Kameez","3","2885","","","","","","","","","","",""
"15","Billergia baby suits","Similar tones and minimal designs of this dress greatly compliment each other. Comfortable fabric provides soothing touch for your baby's skin. All Aranya products are handmade, using natural materials, within a fair trade framework.","in stock","new","1875 BDT","https://res.cloudinary.com/diyc1dizi/image/upload/aranya-product-v2/K0050501IJ12194519/19_1.png","https://res.cloudinary.com/diyc1dizi/image/upload/aranya-product-v2/K0050501IJ12194519/19_1.png","Aranya","Women>Salwar Kameez","Women>Salwar Kameez","5","1875","","","","","","","","","","",""
"16","Aconite cotton baby suits","Dual colors and minimal motifs are greatly paired with each other to create the perfect traditional piece for your baby. Cotton fabric used also provides good breathability making it good to wear all year round. All Aranya products are handmade, using natural materials, within a fair trade framework.","in stock","new","3485 BDT","https://res.cloudinary.com/diyc1dizi/image/upload/aranya-product-v2/K0050504FF12194819/20_1.png","https://res.cloudinary.com/diyc1dizi/image/upload/aranya-product-v2/K0050504FF12194819/20_1.png","Aranya","Women>Salwar Kameez","Women>Salwar Kameez","7","3485","","","","","","","","","","",""
"17","Blazing star baby suits","Tones of blue and gray represent the rainclouds in the sky. Comfortable fabric and stunning designs make it wearable all year round. All Aranya products are handmade, using natural materials, within a fair trade framework.","in stock","new","2785 BDT","https://res.cloudinary.com/diyc1dizi/image/upload/aranya-product-v2/K0050505FF12190620/21_1.png","https://res.cloudinary.com/diyc1dizi/image/upload/aranya-product-v2/K0050505FF12190620/21_1.png","Aranya","Women>Salwar Kameez","Women>Salwar Kameez","5","2785","","","","","","","","","","",""
"18","Piscina Baby Khadi Jacket","The beautiful tones of blue in this jacket are made from colors extracted from organically grown indigo. Wax print has been used on khadi fabric to make the magical patterns. \n \nAll Aranya products are handmade, using natural fibers and materials within a fair-trade framework.","in stock","new","1685 BDT","https://res.cloudinary.com/diyc1dizi/image/upload/aranya-product-v2/K0170029NK09193719/23_1.png","https://res.cloudinary.com/diyc1dizi/image/upload/aranya-product-v2/K0170029NK09193719/23_1.png","Aranya","Kids","Kids","0","1685","","","","","","","","","","",""
"19","Woodland Baby Cotton Frock","The earthy tones of brown in this frock are made with colors given off by organically grown catechu. Wax print is used on cotton to produce the treelike patterns and also ensuring the softest touch to the baby skin. \n \nAll Aranya products are handmade, using natural fibers and materials within a fair-trade framework.","in stock","new","1375 BDT","https://res.cloudinary.com/diyc1dizi/image/upload/aranya-product-v2/K0200021IJ03191219/24_1.png","https://res.cloudinary.com/diyc1dizi/image/upload/aranya-product-v2/K0200021IJ03191219/24_1.png","Aranya","Kids","Kids","6","1375","","","","","","","","","","",""
"20","Ellipse Cotton Baby Frock","The mix of red and black color in this enthusiastic baby frock is taken from the best-handpicked madder. Black kashmi print has been utilized on cotton material to create detailed intricacies. All Aranya products are hand made, using natural fibers and materials within a fair trade framework.","in stock","new","2375 BDT","https://res.cloudinary.com/diyc1dizi/image/upload/aranya-product-v2/K0200026SF03191319/43.png","https://res.cloudinary.com/diyc1dizi/image/upload/aranya-product-v2/K0200026SF03191319/43.png","Aranya","Kids","Kids","0","2375","","","","","","","","","","",""
"21","Oval Baby Frock","The magnificent color in this baby Frock/dress is made from hand-plucked Indigo which is resembles blue shades. Wax print has been used on cotton fabric to produce the designs. All Aranya products are handmade, using natural fibers and materials within a fair-trade framework.","in stock","new","1675 BDT","https://res.cloudinary.com/diyc1dizi/image/upload/aranya-product-v2/K0200028SF04191519/26_1.png","https://res.cloudinary.com/diyc1dizi/image/upload/aranya-product-v2/K0200028SF04191519/26_1.png","Aranya","Kids","Kids","4","1675","","","","","","","","","","",""
"22","Summer Fruits Baby Cotton Frock","The off white color of this frock gives out a vibe of everything pure and peaceful. This frock has been crafted with cotton material to ensure the highest comfort for your baby. \n \nAll Aranya products are handmade, using natural fibers and materials within a fair-trade framework.","in stock","new","1675 BDT","https://res.cloudinary.com/diyc1dizi/image/upload/aranya-product-v2/K0200029IJ04191519/27_1.png","https://res.cloudinary.com/diyc1dizi/image/upload/aranya-product-v2/K0200029IJ04191519/27_1.png","Aranya","Kids","Kids","3","1675","","","","","","","","","","",""
"23","Tierra Baby Cotton Voil Frock","This graceful baby frock has been dyed with the purest brown extracted from organically grown catechu. Plain dye technique has been used to immerse the color on a cotton material to provide the utmost comfort. \n \nAll Aranya products are handmade, using natural fibers and materials within a fair-trade framework.","in stock","new","1875 BDT","https://res.cloudinary.com/diyc1dizi/image/upload/aranya-product-v2/K0200035FF07192819/28_2.png","https://res.cloudinary.com/diyc1dizi/image/upload/aranya-product-v2/K0200035FF07192819/28_2.png","Aranya","Kids","Kids","8","1875","","","","","","","","","","",""
"24","Anahi Baby Frock","The eye-catching brown color of this frock is exclusively taken from organically grown catechu. The mesmerizing designs are made with wax print on cotton fabric, providing the best of both easement and beauty. \n \nAll Aranya products are handmade, using natural fibers and materials within a fair-trade framework.","in stock","new","2275 BDT","https://res.cloudinary.com/diyc1dizi/image/upload/aranya-product-v2/K0200037SF07192819/29_1.png","https://res.cloudinary.com/diyc1dizi/image/upload/aranya-product-v2/K0200037SF07192819/29_1.png","Aranya","Kids","Kids","5","2275","","","","","","","","","","",""
"25","Espumosa Baby Cotton Voil Frock","The enchanting shades of blue in this frock are all extracted from organically grown indigo. Wax print has been used on cotton fabric to make the captivating imprints and also securing the most easement. \n \nAll Aranya products are handmade, using natural fibers and materials within a fair-trade framework.","in stock","new","2075 BDT","https://res.cloudinary.com/diyc1dizi/image/upload/aranya-product-v2/K0200044SF07193219/30_2.png","https://res.cloudinary.com/diyc1dizi/image/upload/aranya-product-v2/K0200044SF07193219/30_2.png","Aranya","Kids","Kids","3","2075","","","","","","","","","","",""
"26","Avro Cotton Baby Frock","The magnificent color in this baby forck is made from handplucked promegranate and myrabalan which is resemble of olive. traditional kantha stithc has been used on cotton fabric to produce the designs. All Aranya products are handmade, using natural fibers and materials within a fair-trade framework.","in stock","new","3375 BDT","https://res.cloudinary.com/diyc1dizi/image/upload/aranya-product-v2/K0200046SF07193119/31_1.png","https://res.cloudinary.com/diyc1dizi/image/upload/aranya-product-v2/K0200046SF07193119/31_1.png","Aranya","Kids","Kids","7","3375","","","","","","","","","","",""
"27","Kadambini Cotton Frock","The different shades of a heavenly blue in this baby frock are all extracted from organic indigo. Wax print has been used over cotton fabric to produce the cloudy vibrance. All Aranya products are handmade, using natural fibers and materials within a fair-trade framework.","in stock","new","1375 BDT","https://res.cloudinary.com/diyc1dizi/image/upload/aranya-product-v2/K0200049FF07193119/32_2.png","https://res.cloudinary.com/diyc1dizi/image/upload/aranya-product-v2/K0200049FF07193119/32_2.png","Aranya","Kids","Kids","1","1375","","","","","","","","","","",""
"28","Kalpis Baby Frock","The sweet color in this baby forck/dress is made from hand-plucked batelnut which is resembles pink tone. Traditional wax print has been used on cotton fabric to produce the designs. All Aranya products are handmade, using natural fibers and materials within a fair-trade framework.","in stock","new","1375 BDT","https://res.cloudinary.com/diyc1dizi/image/upload/aranya-product-v2/K0200050FF07193119/33_2.png","https://res.cloudinary.com/diyc1dizi/image/upload/aranya-product-v2/K0200050FF07193119/33_2.png","Aranya","Kids","Kids","3","1375","","","","","","","","","","",""
"29","Alyssa Cotton Baby Frock","Indigo is used to produce the blue color seen in this frock. Wax-print is used beautifully on a cotton fabric, which secures the smoothest touch to the skin. All Aranya products are handmade, using natural fibers and materials within a fair-trade framework.","in stock","new","2275 BDT","https://res.cloudinary.com/diyc1dizi/image/upload/aranya-product-v2/K0200053IJ08193319/34_1.png","https://res.cloudinary.com/diyc1dizi/image/upload/aranya-product-v2/K0200053IJ08193319/34_1.png","Aranya","Kids","Kids","2","2275","","","","","","","","","","",""
"30","Peach Vibes Baby Silk Kantha Frock","The soothing red color seen in this frock is extracted from organically grown madder. Kanthastitch hasbeen used on allover dyed silk to give a slight touch of the Bengali traditions. \n \nAll Aranya products are handmade, using natural fibers and materials within a fair-trade framework.","in stock","new","5175 BDT","https://res.cloudinary.com/diyc1dizi/image/upload/aranya-product-v2/K0200056SF11194219/35_2.png","https://res.cloudinary.com/diyc1dizi/image/upload/aranya-product-v2/K0200056SF11194219/35_2.png","Aranya","Kids","Kids","4","5175","","","","","","","","","","",""
"31","Blue eyed grass frock","Monotone colors and stunning designs along with a comfortable fabric makes it a perfect wear for your child.","in stock","new","2295 BDT","https://res.cloudinary.com/diyc1dizi/image/upload/aranya-product-v2/K021041NKE1181918/11_1.png","https://res.cloudinary.com/diyc1dizi/image/upload/aranya-product-v2/K021041NKE1181918/11_1.png","Aranya","Kids","Kids","3","2295","","","","","","","","","","",""
"32","Freesia baby frock","Monotone colors and stunning designs along with a comfortable fabric makes it a perfect wear for your child.","in stock","new","865 BDT","https://res.cloudinary.com/diyc1dizi/image/upload/aranya-product-v2/K0530002IJ12194619/36_1.png","https://res.cloudinary.com/diyc1dizi/image/upload/aranya-product-v2/K0530002IJ12194619/36_1.png","Aranya","Kids","Kids","8","865","","","","","","","","","","",""
"33","Cosmo baby frock","This dual color and vividly designed combination of dresses can be the best choice for your baby. No harmful colors and the smoothest touch to their skin. All Aranya products are handmade, using natural materials, within a fair trade framework.","in stock","new","985 BDT","https://res.cloudinary.com/diyc1dizi/image/upload/aranya-product-v2/K0540001SF04193119/37_1.png","https://res.cloudinary.com/diyc1dizi/image/upload/aranya-product-v2/K0540001SF04193119/37_1.png","Aranya","Kids","Kids","7","985","","","","","","","","","","",""
"34","Mimosa baby frock","This dual color and vividly designed combination of dresses can be the best choice for your baby. No harmful colors and the smoothest touch to their skin. All Aranya products are handmade, using natural materials, within a fair trade framework.","in stock","new","865 BDT","https://res.cloudinary.com/diyc1dizi/image/upload/aranya-product-v2/K0540003SF07193119/39_1.png","https://res.cloudinary.com/diyc1dizi/image/upload/aranya-product-v2/K0540003SF07193119/39_1.png","Aranya","Kids","Kids","11","865","","","","","","","","","","",""
"35","Pansies baby frock","This color and vividly designed combination of dresses can be the best choice for your baby. No harmful colors and the smoothest touch to their skin. All Aranya products are handmade, using natural materials, within a fair trade framework.","in stock","new","865 BDT","https://res.cloudinary.com/diyc1dizi/image/upload/aranya-product-v2/K0540004IJ07193119/40_1.png","https://res.cloudinary.com/diyc1dizi/image/upload/aranya-product-v2/K0540004IJ07193119/40_1.png","Aranya","Kids","Kids","0","865","","","","","","","","","","",""
"36","Space Yonder Cotton Panjabi","Teal and Black coloured Cotton Panjabi dyed from Indigo, Myrabalan and Kashmi. A layer of rich detail has been added by Block-printed designs. \n \nAll Aranya products are handmade, using natural materials, within a fair trade framework.","in stock","new","3675 BDT","https://res.cloudinary.com/diyc1dizi/image/upload/aranya-product-v2/M0010164AR0817/42_1.png","https://res.cloudinary.com/diyc1dizi/image/upload/aranya-product-v2/M0010164AR0817/42_1.png","Aranya","Men>Panjabi","Men>Panjabi","3","3675","","","","","","","","","","",""
"37","Spinel Cotton Voil Panjabi","The red shade on this block printed voil cotton Panjabi creates a festive look. All Aranya products are handmade, using natural materials, within a fair trade framework.","in stock","new","3930 BDT","https://res.cloudinary.com/diyc1dizi/image/upload/aranya-product-v2/M0010275SMA08182218/43_1.png","https://res.cloudinary.com/diyc1dizi/image/upload/aranya-product-v2/M0010275SMA08182218/43_1.png","Aranya","Men>Panjabi","Men>Panjabi","3","3930","","","","","","","","","","",""
"38","Cadbury Cotton Panjabi","Catechu is the natural dye ingredient which is used on this brown cotton Panjabi. It has been furnished with a shibori plain dyed. \n \nAll Aranya products are handmade, using natural fibres and materials, within a fair trade framework.","in stock","new","3675 BDT","https://res.cloudinary.com/diyc1dizi/image/upload/aranya-product-v2/M0010278RGE2182218/44_1.png","https://res.cloudinary.com/diyc1dizi/image/upload/aranya-product-v2/M0010278RGE2182218/44_1.png","Aranya","Men>Panjabi","Men>Panjabi","2","3675","","","","","","","","","","",""
"39","Jolpaiguri Cotton Panjabi","Pomegranate &amp; Myrabalan are a few natural dye ingredients which were applied through wax resist &amp; plain dyed to achieve olive &amp; golden textures on this cotton Panjabi. \n \nAll Aranya products are handmade, using natural fibres and materials, within a fair trade framework.","in stock","new","2230 BDT","https://res.cloudinary.com/diyc1dizi/image/upload/aranya-product-v2/M0010289MA08181119/45_1.png","https://res.cloudinary.com/diyc1dizi/image/upload/aranya-product-v2/M0010289MA08181119/45_1.png","Aranya","Men>Panjabi","Men>Panjabi","0","2230","","","","","","","","","","",""
"40","Juan Mens Panjabi","The eye-catching brown seen in this panjabi is extracted from handpicked catechu. The elegant motifs are made using pipe tie dye on cotton fabric, providing the highest comfort. \n \nAll Aranya products are handmade, using natural fibers and materials within a fair-trade framework.","in stock","new","4675 BDT","https://res.cloudinary.com/diyc1dizi/image/upload/aranya-product-v2/M0010295RG0718/46.png","https://res.cloudinary.com/diyc1dizi/image/upload/aranya-product-v2/M0010295RG0718/46.png","Aranya","Men>Panjabi","Men>Panjabi","0","4675","","","","","","","","","","",""
"41","Cherubic Cotton Voil Slim Fit Panjabi","The calming red color in this panjabi is extracted from organically grown madder, and the color is printed traditionally on cotton voil fabric, which ensures the utmost comfort in the scorching heat of summer. \n \nAll Aranya products are hand made, using natural fibers and materials within a fair trade framework.","in stock","new","3675 BDT","https://res.cloudinary.com/diyc1dizi/image/upload/aranya-product-v2/M0010316RGS1193018/47_1.png","https://res.cloudinary.com/diyc1dizi/image/upload/aranya-product-v2/M0010316RGS1193018/47_1.png","Aranya","Men>Panjabi","Men>Panjabi","3","3675","","","","","","","","","","",""
"42","Twilight Eri Cotton Panjabi","Wax printed design has been outlined on this Enri cotton Panjabi. Madder &amp; Myrabalan were used to flourish it's Red &amp; Gray Colors. Every Aranya product is made from natural materials using craft techniques, Align with in a fair trade frame work.","in stock","new","4275 BDT","https://res.cloudinary.com/diyc1dizi/image/upload/aranya-product-v2/M0010338IJE1191519/48_3.png","https://res.cloudinary.com/diyc1dizi/image/upload/aranya-product-v2/M0010338IJE1191519/48_3.png","Aranya","Men>Panjabi","Men>Panjabi","3","4275","","","","","","","","","","",""
"43","Teakwood Eri Cotton Panjabi","The natural woddem vibe is the individuallity of this panjabi which is created by natural dye and kantha stitch work.All Aranya products are handmade, using natural materials, within a fair trade framework. .","in stock","new","5975 BDT","https://res.cloudinary.com/diyc1dizi/image/upload/aranya-product-v2/M0010342FF04191819/49_2.png","https://res.cloudinary.com/diyc1dizi/image/upload/aranya-product-v2/M0010342FF04191819/49_2.png","Aranya","Men>Panjabi","Men>Panjabi","4","5975","","","","","","","","","","",""
"44","Nandan Eri Silk Kantha Panjabi","The traditional way of dying Indigo and myrabalan is used to resemble the blue and gray color in this endi silk panjabi. Kantha stitch has been used on the placket to give a touch of elegance. \n \nAll Aranya products are handmade, using natural fibers and materials within a fair-trade framework.","in stock","new","7000 BDT","https://res.cloudinary.com/diyc1dizi/image/upload/aranya-product-v2/M0010343IJ05191819/50_1.png","https://res.cloudinary.com/diyc1dizi/image/upload/aranya-product-v2/M0010343IJ05191819/50_1.png","Aranya","Men>Panjabi","Men>Panjabi","4","7000","","","","","","","","","","",""
"45","Begonia Eri Cotton Panjabi","A balance of madder were used to bring out the Red colour . This Enri cotton panjabi was designed with plain dye technique to perish its natural outlook. \n \nUsing natural materials, Full hand-made Aranya's products are align within fair trade framework.","in stock","new","3675 BDT","https://res.cloudinary.com/diyc1dizi/image/upload/aranya-product-v2/M0010344MA05194719/51_1.png","https://res.cloudinary.com/diyc1dizi/image/upload/aranya-product-v2/M0010344MA05194719/51_1.png","Aranya","Men>Panjabi","Men>Panjabi","0","3675","","","","","","","","","","",""
"46","Empyrean Cotton Panjabi","Pieces from nature, Catechu &amp; Khasmi were used to bring out the Brown &amp; Black colours on this pure Cotton Panjabi. Block print technique added an elegant outlook on its design. Every Aranya product is made from natural materials using craft techniques, align within a fair trade framework.","in stock","new","2475 BDT","https://res.cloudinary.com/diyc1dizi/image/upload/aranya-product-v2/M0010344MA05194819/52_1.png","https://res.cloudinary.com/diyc1dizi/image/upload/aranya-product-v2/M0010344MA05194819/52_1.png","Aranya","Men>Panjabi","Men>Panjabi","3","2475","","","","","","","","","","",""
"47","Alder Eri Cotton Panjabi","Wax printed design has been outlined on this enri cotton Panjabi. Pomegranate &amp; Myrabalan were used to flourish it's olive Colors. Every Aranya product is made from natural materials using craft techniques, Align with in a fair trade frame work.","in stock","new","4675 BDT","https://res.cloudinary.com/diyc1dizi/image/upload/aranya-product-v2/M0010348FF06194819/53_1.png","https://res.cloudinary.com/diyc1dizi/image/upload/aranya-product-v2/M0010348FF06194819/53_1.png","Aranya","Men>Panjabi","Men>Panjabi","4","4675","","","","","","","","","","",""
"48","Sibyr Eri Silk Panjabi","Block printed authentic silk panjabi, that has been colored with sagupast for the dark shade. All Aranya products are hand made, using natural fibers and materials within a fair trade framework. \n","in stock","new","5975 BDT","https://res.cloudinary.com/diyc1dizi/image/upload/aranya-product-v2/M0010354SF07192719/54_1.png","https://res.cloudinary.com/diyc1dizi/image/upload/aranya-product-v2/M0010354SF07192719/54_1.png","Aranya","Men>Panjabi","Men>Panjabi","5","5975","","","","","","","","","","",""
"49","Comfy Eri Cotton Panjabi","Catechu has been used to derive brown colour on this Endi Cotton Panjabi.TieDye technique was used to amplify it's bold design. \n \nAll Aranya products are handmade, using natural materials, within a fair trade framework.","in stock","new","3970 BDT","https://res.cloudinary.com/diyc1dizi/image/upload/aranya-product-v2/M0010356SF07193219/55_1.png","https://res.cloudinary.com/diyc1dizi/image/upload/aranya-product-v2/M0010356SF07193219/55_1.png","Aranya","Men>Panjabi","Men>Panjabi","0","3970","","","","","","","","","","",""
"50","Mellow Viscose Panjabi","Classic viscose fabric Panjabi that has been blocked wax print for the exquisite designs and naturally dyed with myrobalan for the brilliant golden tones. All Aranya products are hand-made, using natural fibers and materials within a fair trade framework.","in stock","new","2730 BDT","https://res.cloudinary.com/diyc1dizi/image/upload/aranya-product-v2/M0010359IJS1203619/56_1.png","https://res.cloudinary.com/diyc1dizi/image/upload/aranya-product-v2/M0010359IJS1203619/56_1.png","Aranya","Men>Panjabi","Men>Panjabi","0","2730","","","","","","","","","","",""
"51","Trucage Eri Cotton Panjabi","The magnificent black color in this Panjabi has been extracted from myrobalan. Plain dye cotton fabric with a dynamic touch of wax print on the placket. All Aranya products are handmade, using natural fibers and materials within a fair-trade framework.","in stock","new","4675 BDT","https://res.cloudinary.com/diyc1dizi/image/upload/aranya-product-v2/M0010365SRS1204019/58_1.png","https://res.cloudinary.com/diyc1dizi/image/upload/aranya-product-v2/M0010365SRS1204019/58_1.png","Aranya","Men>Panjabi","Men>Panjabi","4","4675","","","","","","","","","","",""
"52","Brown Fantasia Eri Cotton Panjabi","Pieces from nature, Catechu were used to bring out the Brown colours on this enri Cotton Panjabi. Plain dye technique added an elegant outlook on it's design. Every Aranya product is made from natural materials using craft techniques, align within a fair trade framework.","in stock","new","3675 BDT","https://res.cloudinary.com/diyc1dizi/image/upload/aranya-product-v2/M0010367IJS1203919/59_1.png","https://res.cloudinary.com/diyc1dizi/image/upload/aranya-product-v2/M0010367IJS1203919/59_1.png","Aranya","Men>Panjabi","Men>Panjabi","5","3675","","","","","","","","","","",""
"53","Aria Eri Cotton Panjabi","This Panjabi gets its exclusive golden color from a mixture of colors given off by myrabalan. Karchupi has been applied on the neck with plain dye on eri cotton fabric. All Aranya products are handmade, using natural fibers and materials within a fair-trade framework.","in stock","new","5975 BDT","https://res.cloudinary.com/diyc1dizi/image/upload/aranya-product-v2/M0010383IJE1204419/60_2.png","https://res.cloudinary.com/diyc1dizi/image/upload/aranya-product-v2/M0010383IJE1204419/60_2.png","Aranya","Men>Panjabi","Men>Panjabi","4","5975","","","","","","","","","","",""
"54","Rhodonite cotton panjabi","The colorful intriacies of this panjabi stand out like no other. With black and blue colors contrasting with the yellow placket paired with cotton fabric, it is the perfect wear for any traditional occasion. All Aranya products are handmade, using natural materials, within a fair trade framework.","in stock","new","2975 BDT","https://res.cloudinary.com/diyc1dizi/image/upload/aranya-product-v2/M0010393RG02200820/61_1.png","https://res.cloudinary.com/diyc1dizi/image/upload/aranya-product-v2/M0010393RG02200820/61_1.png","Aranya","Men>Panjabi","Men>Panjabi","6","2975","","","","","","","","","","",""
"55","Bornite cotton panjabi","The colorful intriacies of this panjabi stand out like no other. With black and blue colors contrasting with the yellow placket paired with cotton fabric, it is the perfect wear for any traditional occasion. All Aranya products are handmade, using natural materials, within a fair trade framework.","in stock","new","2975 BDT","https://res.cloudinary.com/diyc1dizi/image/upload/aranya-product-v2/M0010395RG02200720/62_1.png","https://res.cloudinary.com/diyc1dizi/image/upload/aranya-product-v2/M0010395RG02200720/62_1.png","Aranya","Men>Panjabi","Men>Panjabi","0","2975","","","","","","","","","","",""
"56","Aciano Cotton Panjabi","The colorful intriacies of this panjabi stand out like no other. With black and blue colors contrasting with the yellow placket paired with cotton fabric, it is the perfect wear for any traditional occasion. All Aranya products are handmade, using natural materials, within a fair trade framework.","in stock","new","3075 BDT","https://res.cloudinary.com/diyc1dizi/image/upload/aranya-product-v2/M0010396RG02200920/63_1.png","https://res.cloudinary.com/diyc1dizi/image/upload/aranya-product-v2/M0010396RG02200920/63_1.png","Aranya","Men>Panjabi","Men>Panjabi","3","3075","","","","","","","","","","",""
"57","Sodalite voil panjabi","The hues of the blue &amp; grey represented by the enchanting blue color in this panjabi is extracted from natural ingredients. Wax print has been used on cotton material to produce the beautiful imprints that resemble very much to the clouds. All Aranya products are handmade, using natural fibers and materials within a fair-trade framework.","in stock","new","3475 BDT","https://res.cloudinary.com/diyc1dizi/image/upload/aranya-product-v2/M0010401RGS1203821/64_1.png","https://res.cloudinary.com/diyc1dizi/image/upload/aranya-product-v2/M0010401RGS1203821/64_1.png","Aranya","Men>Panjabi","Men>Panjabi","3","3475","","","","","","","","","","",""
"58","Kyanite cotton Voil panjabi","The mysterious TEAL color in this panjabi is cultivated from the finest organic elements. Wax has been used to embed the gorgeous teal color on cotton panjabi. All Aranya products are handmade, using natural fibers and materials within a fair-trade framework.","in stock","new","2815 BDT","https://res.cloudinary.com/diyc1dizi/image/upload/aranya-product-v2/M0010429MCE32211122/65_1.png","https://res.cloudinary.com/diyc1dizi/image/upload/aranya-product-v2/M0010429MCE32211122/65_1.png","Aranya","Men>Panjabi","Men>Panjabi","4","2815","","","","","","","","","","",""
"59","Ussingite cotton panjabi","The match of monochrome cotton fabric and stunning motifs are sure to make heads turn. Wear this stunning panjabi to any event and you're bound to be the eye candy. All Aranya products are handmade, using natural materials, within a fair trade framework.","in stock","new","2475 BDT","https://res.cloudinary.com/diyc1dizi/image/upload/aranya-product-v2/M0010430NKE5220720/66_1.png","https://res.cloudinary.com/diyc1dizi/image/upload/aranya-product-v2/M0010430NKE5220720/66_1.png","Aranya","Men>Panjabi","Men>Panjabi","4","2475","","","","","","","","","","",""
"60","Cuprite cotton panjabi","This mesmerizing panjabi is not only the perfect combination of color and designs, but the cotton fabric also makes it the most eligible choice for any occasion. All Aranya products are handmade, using natural materials, within a fair trade framework.","in stock","new","2975 BDT","https://res.cloudinary.com/diyc1dizi/image/upload/aranya-product-v2/M0010431NKE5224619/67_1.png","https://res.cloudinary.com/diyc1dizi/image/upload/aranya-product-v2/M0010431NKE5224619/67_1.png","Aranya","Men>Panjabi","Men>Panjabi","6","2975","","","","","","","","","","",""
"61","Almandine cotton panjabi","This elegant cotton panjabi may be the perfect fit for any traditional occasion. Designs of white and brown are bound to make heads turn. All Aranya products are handmade, using natural materials, within a fair trade framework.","in stock","new","4275 BDT","https://res.cloudinary.com/diyc1dizi/image/upload/aranya-product-v2/M0010433NKE5221022/68_2.png","https://res.cloudinary.com/diyc1dizi/image/upload/aranya-product-v2/M0010433NKE5221022/68_2.png","Aranya","Men>Panjabi","Men>Panjabi","4","4275","","","","","","","","","","",""
"62","Brown Rapture Silk Panjabi","Wax resistant dye on this Eri SIlk creates a layer of vivid designs on this Panjabi. Indigo and Myrabalan were used to bring out the Teal hue. \n \nAll Aranya products are handmade, using natural materials, within a fair trade framework.","in stock","new","6975 BDT","https://res.cloudinary.com/diyc1dizi/image/upload/aranya-product-v2/M001065MAS117/41_1.png","https://res.cloudinary.com/diyc1dizi/image/upload/aranya-product-v2/M001065MAS117/41_1.png","Aranya","Men>Panjabi","Men>Panjabi","4","6975","","","","","","","","","","",""
"63","Duman Eri Silk Fatua","The ravishing shade of golden in this silk fatua is extracted from handpicked myrabalan. The color is printed on endi silk to produce the gorgeous shades. \n \nAll Aranya products are hand made, using natural fibers and materials within a fair trade framework.","in stock","new","3765 BDT","https://res.cloudinary.com/diyc1dizi/image/upload/aranya-product-v2/M0020033NH09193519/69_1.png","https://res.cloudinary.com/diyc1dizi/image/upload/aranya-product-v2/M0020033NH09193519/69_1.png","Aranya","Men>Fatua","Men>Fatua","3","3765","","","","","","","","","","",""
"64","Bletilla Bomber Jacket","Pomegranate &amp; Myrabalan has been used to derive olive colour on this bomber jacket. Wax print technique was used to amplify it's different looks. \n \nAll Aranya products are handmade, using natural materials, within a fair trade framework.","in stock","new","3985 BDT","https://res.cloudinary.com/diyc1dizi/image/upload/aranya-product-v2/M0170019SR08193419/70_1.png","https://res.cloudinary.com/diyc1dizi/image/upload/aranya-product-v2/M0170019SR08193419/70_1.png","Aranya","Men>Jackets","Men>Jackets","0","3985","","","","","","","","","","",""
"65","Lattice Cotton Vest","Wax printed design has been outlined on this pure Cotton vest, while naturally dyeing with khasmi has flourished it's black colour. \n \nUsing natural materials, full handmade Aranya's products are align within a fair trade framework.","in stock","new","5285 BDT","https://res.cloudinary.com/diyc1dizi/image/upload/aranya-product-v2/M0340001SR08193419/71_1.png","https://res.cloudinary.com/diyc1dizi/image/upload/aranya-product-v2/M0340001SR08193419/71_1.png","Aranya","Men>Vest","Men>Vest","2","5285","","","","","","","","","","",""
"66","Brown Rebel T","Aranya's Debut T-Shirt line consists off Brown Rebel T-Shirt dipped in natural Catechu to make this solid brown colour. \n \nAranya's ""Natural Tee"" products are handmade, using natural materials, within a fair trade framework.","in stock","new","1175 BDT","https://res.cloudinary.com/diyc1dizi/image/upload/aranya-product-v2/M0920001NKE118/72_1.png","https://res.cloudinary.com/diyc1dizi/image/upload/aranya-product-v2/M0920001NKE118/72_1.png","Aranya","Men>T-Shirt","Men>T-Shirt","3","1175","","","","","","","","","","",""
"67","Blue Serge Cotton T","Blue Serge Cotton T-Shirt is part of Aranya's Exclusive ""Natural Tee"" collecction dyed in Indigo. Aarashi method, a Shibori technique was used on this pure cotton fabric to bring out the pattern. \n \nAll Aranya products are handmade, using natural materials, within a fair trade framework.","in stock","new","1275 BDT","https://res.cloudinary.com/diyc1dizi/image/upload/aranya-product-v2/M0920002NKE118/73_3.png","https://res.cloudinary.com/diyc1dizi/image/upload/aranya-product-v2/M0920002NKE118/73_3.png","Aranya","Men>T-Shirt","Men>T-Shirt","2","1275","","","","","","","","","","",""
"68","Aether Cotton T","Dipped and Dyed in Indigo, the Aether Cotton T-Shirt is part of the newly launched ""Natural Tee"" collection. It comes in a cool blue hue. \n \nAll Aranya products are handmade, using natural materials, within a fair trade framework.","in stock","new","1275 BDT","https://res.cloudinary.com/diyc1dizi/image/upload/aranya-product-v2/M0920005NKE118/74_1.png","https://res.cloudinary.com/diyc1dizi/image/upload/aranya-product-v2/M0920005NKE118/74_1.png","Aranya","Men>T-Shirt","Men>T-Shirt","2","1275","","","","","","","","","","",""
"69","Turquoise Cotton T","The brown patterns on the blue backcloth are made with colors extracted from organic blessing. Block print has been used on knit cotton fabric thus highest comfort is secured. All Aranya products are hand made, using natural fibers and materials within a fair trade framework.","in stock","new","1275 BDT","https://res.cloudinary.com/diyc1dizi/image/upload/aranya-product-v2/M0920009NH12194619/75_1.png","https://res.cloudinary.com/diyc1dizi/image/upload/aranya-product-v2/M0920009NH12194619/75_1.png","Aranya","Men>T-Shirt","Men>T-Shirt","3","1275","","","","","","","","","","",""
"70","Rhapsody knit cotton T","Myrabalan has been used to derive golden colour on this knit cotton T-shirt. Wax print technique was used to amplify it's a bold design. All Aranya products are handmade, using natural materials, within a fair trade framework.","in stock","new","1175 BDT","https://res.cloudinary.com/diyc1dizi/image/upload/aranya-product-v2/M0920010NH12194519/76_1.png","https://res.cloudinary.com/diyc1dizi/image/upload/aranya-product-v2/M0920010NH12194519/76_1.png","Aranya","Men>T-Shirt","Men>T-Shirt","4","1175","","","","","","","","","","",""
"71","Mandevilla Endi Cotton Saree","This red and black endi cotton saree dyed allover entirely with maddar colour and has printed all over the saree. All Aranya products are hand made, using natural fibers and materials within a fair trade framework.This red and black endi cotton saree dyed allover entirely with maddar colour and has printed all over the saree. All Aranya products are hand made, using natural fibers and materials within a fair trade framework.","in stock","new","16000 BDT","https://res.cloudinary.com/diyc1dizi/image/upload/aranya-product-v2/W0041171RGE1180920/79_2.png","https://res.cloudinary.com/diyc1dizi/image/upload/aranya-product-v2/W0041171RGE1180920/79_2.png","Aranya","Women>Saree","Women>Saree","0","16000","","","","","","","","","","",""
"72","Golden Odyssey Eri Cotton Saree","Wax printed eri cotton saree that comes in shades of olive and golden derived from the natural pomegranate and myrabalan.","in stock","new","10295 BDT","https://res.cloudinary.com/diyc1dizi/image/upload/aranya-product-v2/W0041315RG08183018/80_1.png","https://res.cloudinary.com/diyc1dizi/image/upload/aranya-product-v2/W0041315RG08183018/80_1.png","Aranya","Women>Saree","Women>Saree","0","10295","","","","","","","","","","",""
"73","Salvia Endi cotton saree","The natural dye of teal at paar and anchol, and beige body in the endi cotton saree. Wax ornamentation print has been applied to give this composition a festive look. All Aranya products are handmade, using natural materials, within a fair trade framework.The natural dye of teal at paar and anchol, and beige body in the endi cotton saree. Wax ornamentation print has been applied to give this composition a festive look. All Aranya products are handmade, using natural materials, within a fair trade framework.","in stock","new","5995 BDT","https://res.cloudinary.com/diyc1dizi/image/upload/aranya-product-v2/W0041554IJ01203521/81_2.png","https://res.cloudinary.com/diyc1dizi/image/upload/aranya-product-v2/W0041554IJ01203521/81_2.png","Aranya","Women>Saree","Women>Saree","3","5995","","","","","","","","","","",""
"74","Lupine Cotton Kota Saree","A cotton kota saree with a red and gray wax design with great bloom inspiration for a magnificent appearance. All Aranya products are handmade, using natural fibers and materials within a fair-trade framework.","in stock","new","4995 BDT","https://res.cloudinary.com/diyc1dizi/image/upload/aranya-product-v2/W0041703BAS06220722/82_1.png","https://res.cloudinary.com/diyc1dizi/image/upload/aranya-product-v2/W0041703BAS06220722/82_1.png","Aranya","Women>Saree","Women>Saree","5","4995","","","","","","","","","","",""
"75","Eveline Cotton Saree","Simplicity, elegance and charmness of this saree understory. Pinkish vibe and the cotton texture create a different look. All Aaranya products are handmade, using natural materials, within a fair trade framework.","in stock","new","5995 BDT","https://res.cloudinary.com/diyc1dizi/image/upload/aranya-product-v2/W0041704SFS06220722/83_1.png","https://res.cloudinary.com/diyc1dizi/image/upload/aranya-product-v2/W0041704SFS06220722/83_1.png","Aranya","Women>Saree","Women>Saree","0","5995","","","","","","","","","","",""
"76","Senna Cotton kota Sare","This Wax printed cotton saree was dyed using the natural ingredients to bring out the marvelous Red &amp; golden color of the product. All Aranya products are handmade, using natural materials, within a fair trade framework.","in stock","new","4995 BDT","https://res.cloudinary.com/diyc1dizi/image/upload/aranya-product-v2/W0041709BAS8220922/84_1.png","https://res.cloudinary.com/diyc1dizi/image/upload/aranya-product-v2/W0041709BAS8220922/84_1.png","Aranya","Women>Saree","Women>Saree","2","4995","","","","","","","","","","",""
"77","Lilac eri cotton saree","cotton saree will be the perfect outfit choice in the scorching summer heat. The heavenly tones of white and blue help pose in great style too! All Aaranya products are handmade, using natural materials, within a fair trade framework.","in stock","new","5995 BDT","https://res.cloudinary.com/diyc1dizi/image/upload/aranya-product-v2/W0041741SF05222022/85_1.png","https://res.cloudinary.com/diyc1dizi/image/upload/aranya-product-v2/W0041741SF05222022/85_1.png","Aranya","Women>Saree","Women>Saree","2","5995","","","","","","","","","","",""
"78","Azalea cotton saree","The light colors of this beautiful cotton saree will reflect away the heat of the sun very efficiently. Cotton fabric has been used to ensure utmost comfort. All Aranya products are handmade, using natural materials, within a fair trade framework.","in stock","new","4500 BDT","https://res.cloudinary.com/diyc1dizi/image/upload/aranya-product-v2/W0041742BA05222022/86_1.png","https://res.cloudinary.com/diyc1dizi/image/upload/aranya-product-v2/W0041742BA05222022/86_1.png","Aranya","Women>Saree","Women>Saree","3","4500","","","","","","","","","","",""
"79","Sapphire cotton saree","cotton saree will be the perfect outfit choice in the scorching summer heat. The heavenly tones of white and blue help pose in great style too","in stock","new","4500 BDT","https://res.cloudinary.com/diyc1dizi/image/upload/aranya-product-v2/W0041743BA05222022/87_2.png","https://res.cloudinary.com/diyc1dizi/image/upload/aranya-product-v2/W0041743BA05222022/87_2.png","Aranya","Women>Saree","Women>Saree","3","4500","","","","","","","","","","",""
"80","Begonia Endi Cotton saree","The earthy tones of this eri cotton saree do the best work in making you truly feel beautiful, making it the perfect wear for all of your favorite occasions. All Aranya products are handmade, using natural materials, within a fair trade framework.","in stock","new","5995 BDT","https://res.cloudinary.com/diyc1dizi/image/upload/aranya-product-v2/W0041748MCE25222122/88_1.png","https://res.cloudinary.com/diyc1dizi/image/upload/aranya-product-v2/W0041748MCE25222122/88_1.png","Aranya","Women>Saree","Women>Saree","5","5995","","","","","","","","","","",""
"81","Clematis cotton saree","The contrasting shades of blue and orange in this saree make it the most elegant choice for any daytime occasion. Cotton fabric has been used to provide utmost comfort. All Aranya products are handmade, using natural materials, within a fair trade framework.","in stock","new","4500 BDT","https://res.cloudinary.com/diyc1dizi/image/upload/aranya-product-v2/W0041749BAE25222222/89_2.png","https://res.cloudinary.com/diyc1dizi/image/upload/aranya-product-v2/W0041749BAE25222222/89_2.png","Aranya","Women>Saree","Women>Saree","5","4500","","","","","","","","","","",""
"82","Colasia cotton kota saree","The contrasting tones of this saree makes both the colors stand out beautifully. With dual designs and cotton kota fabric, it's an eye catcher as well as comfort wear. All Aranya products are handmade, using natural materials, within a fair trade framework.","in stock","new","4995 BDT","https://res.cloudinary.com/diyc1dizi/image/upload/aranya-product-v2/W0041750SFE25222122/90_1.png","https://res.cloudinary.com/diyc1dizi/image/upload/aranya-product-v2/W0041750SFE25222122/90_1.png","Aranya","Women>Saree","Women>Saree","4","4995","","","","","","","","","","",""
"83","Verbena cotton saree","The blue and grey tones of this saree represent the perfect harmony of the clouds and the sky on a rainy day. Cotton fabric used in this saree makes it wearable all year round. All Aranya products are handmade, using natural materials, within a fair trade framework.","in stock","new","4500 BDT","https://res.cloudinary.com/diyc1dizi/image/upload/aranya-product-v2/W0041753MCE26222122/91_2.png","https://res.cloudinary.com/diyc1dizi/image/upload/aranya-product-v2/W0041753MCE26222122/91_2.png","Aranya","Women>Saree","Women>Saree","5","4500","","","","","","","","","","",""
"84","Wisteria cotton saree","The blue and black colors of this saree represent the perfect harmony of the clouds and the sky on a rainy day. Cotton fabric used in this saree makes it wearable all year round. All Aranya products are handmade, using natural materials, within a fair trade framework.","in stock","new","4995 BDT","https://res.cloudinary.com/diyc1dizi/image/upload/aranya-product-v2/W0041755SFE26222122/92_1.png","https://res.cloudinary.com/diyc1dizi/image/upload/aranya-product-v2/W0041755SFE26222122/92_1.png","Aranya","Women>Saree","Women>Saree","4","4995","","","","","","","","","","",""
"85","Frankliana Alatamaha Balaka Silk Suits","The stunning shades of brown and beige in this stunning suit is extracted from hand-plucked catechu and raintree. Wax print is added on balaka silk to add the subtle touches of elegance. All Aranya products are handmade, using natural fibers and materials within a fair trade framework.","in stock","new","14185 BDT","https://res.cloudinary.com/diyc1dizi/image/upload/aranya-product-v2/W0050396RGE1181618/93_1.png","https://res.cloudinary.com/diyc1dizi/image/upload/aranya-product-v2/W0050396RGE1181618/93_1.png","Aranya","Women>Salwar Kameez","Women>Salwar Kameez","3","14185","","","","","","","","","","",""
"86","Leah Kantha Eri Silk Salwar","A delicate mixture of cateshu and raintree expressing the color brown and beige in this kantha eri silk salwar. \n \nAll Aranya products are handmade, using natural fibers and materials within a fair-trade framework.","in stock","new","13995 BDT","https://res.cloudinary.com/diyc1dizi/image/upload/aranya-product-v2/W0050465FFE1191519/94_1.png","https://res.cloudinary.com/diyc1dizi/image/upload/aranya-product-v2/W0050465FFE1191519/94_1.png","Aranya","Women>Salwar Kameez","Women>Salwar Kameez","0","13995","","","","","","","","","","",""
"87","Marigold eri silk suits","The stunning combination of white and gold is bound to make heads turn. Wear this eri silk suit to any traditional meet and you are guaranteed to be the eye candy.All Aranya products are handmade, using natural materials, within a fair trade framework.","in stock","new","19995 BDT","https://res.cloudinary.com/diyc1dizi/image/upload/aranya-product-v2/W0050474IJS1201919/95_1.png","https://res.cloudinary.com/diyc1dizi/image/upload/aranya-product-v2/W0050474IJS1201919/95_1.png","Aranya","Women>Salwar Kameez","Women>Salwar Kameez","1","19995","","","","","","","","","","",""
"88","Mirabilis Cotton Tops","The stunning shades of red in this top is extracted from handplucked madder. Block print is added on cotton voil to add the subtle touches of elegance. All Aranya products are hand made, using natural fibers and materials within a fair trade framework.","in stock","new","2455 BDT","https://res.cloudinary.com/diyc1dizi/image/upload/aranya-product-v2/W0060061RG06182418/96_1.png","https://res.cloudinary.com/diyc1dizi/image/upload/aranya-product-v2/W0060061RG06182418/96_1.png","Aranya","Women>Tops & Shirts","Women>Tops & Shirts","2","2455","","","","","","","","","","",""
"89","Daffodil Eri Cotton Tops","A balance of Catechu were used to bring out the brown colour . This Enri cotton Tops was designed with wax print technique to perish its natural outlook. Using natural materials, Full hand-made Aranya's products are align within fair trade framework.","in stock","new","2455 BDT","https://res.cloudinary.com/diyc1dizi/image/upload/aranya-product-v2/W0060096AA06193419/97_1.png","https://res.cloudinary.com/diyc1dizi/image/upload/aranya-product-v2/W0060096AA06193419/97_1.png","Aranya","Women>Tops & Shirts","Women>Tops & Shirts","16","2455","","","","","","","","","","",""
"90","Amaryllis Lilen Women Tops","Pink is the sober color which suits for all type festive. Wax print is to safe color that has been utilized to make the complicated subtleties on this gathering. The combination of this shirt is really classic. All Aranya products are hand-made, using natural fibers and materials within a fair trade framework.","in stock","new","2455 BDT","https://res.cloudinary.com/diyc1dizi/image/upload/aranya-product-v2/W0060107SR08190620/98_1.png","https://res.cloudinary.com/diyc1dizi/image/upload/aranya-product-v2/W0060107SR08190620/98_1.png","Aranya","Women>Tops & Shirts","Women>Tops & Shirts","6","2455","","","","","","","","","","",""
"91","Myrtle Silk Kurti","This olive tone is a blend of natural color pomegranate and myrobalan in this asymetric tops. Wax print stripe and flower themes are used to draw out the modern fusion design. All Aranya products are hand-made, using natural fibers and materials within a fair trade framework.","in stock","new","5155 BDT","https://res.cloudinary.com/diyc1dizi/image/upload/aranya-product-v2/W0060111AA09193719/99_1.png","https://res.cloudinary.com/diyc1dizi/image/upload/aranya-product-v2/W0060111AA09193719/99_1.png","Aranya","Women>Tops & Shirts","Women>Tops & Shirts","0","5155","","","","","","","","","","",""
"92","Borage Cotton orna","The subtle tones in this orna would pair amazingly with a contrasting dark colored dress. The cotton fabric provides comfort from the scorching heat. All Aaranya products are handmade, using natural materials, within a fair trade framework.","in stock","new","1975 BDT","https://res.cloudinary.com/diyc1dizi/image/upload/aranya-product-v2/W0080370SME1182018/100_2.png","https://res.cloudinary.com/diyc1dizi/image/upload/aranya-product-v2/W0080370SME1182018/100_2.png","Aranya","Accessories>Scarves","Accessories>Scarves","3","1975","","","","","","","","","","",""
"93","Scabiosa endi Cotton orna","The tricky teal on this orna is taken from handpicked natural dye, and the beautiful designs are made with wax print on endi cotton material. All Aranya products are handmade, using natural fibers and materials within a fair-trade framework.","in stock","new","4485 BDT","https://res.cloudinary.com/diyc1dizi/image/upload/aranya-product-v2/W0080630NK04221822/101_1.png","https://res.cloudinary.com/diyc1dizi/image/upload/aranya-product-v2/W0080630NK04221822/101_1.png","Aranya","Accessories>Scarves","Accessories>Scarves","2","4485","","","","","","","","","","",""
"94","Briar Rose Top and Skirt","The blue base of this orna is paired stunningly with cream and white colored designs. It can be worn with any colored tops or kamiz. All Aranya products are handmade, using natural materials, within a fair trade framework.","in stock","new","2535 BDT","https://res.cloudinary.com/diyc1dizi/image/upload/aranya-product-v2/W0110015RG1017/102_1.png","https://res.cloudinary.com/diyc1dizi/image/upload/aranya-product-v2/W0110015RG1017/102_1.png","Aranya","Women>Tops & Shirts","Women>Tops & Shirts","0","2535","","","","","","","","","","",""
"95","Butea cotton skirt","The heavenly tone in this skirt is taken from hand-plucked catechu and the perceptible motifs are made using wax print on cotton. All Aranya products are handmade, using natural fibers and materials within a fair-trade framework.","in stock","new","2065 BDT","https://res.cloudinary.com/diyc1dizi/image/upload/aranya-product-v2/W0110025FF12184318/103_1.png","https://res.cloudinary.com/diyc1dizi/image/upload/aranya-product-v2/W0110025FF12184318/103_1.png","Aranya","Women>Tops & Shirts","Women>Tops & Shirts","2","2065","","","","","","","","","","",""
"96","Grizzle Bomber Jacket","Pieces from nature, madder &amp; myrabalan were used to dye this Cotton bomber jacket with Red &amp; Gray colour. Wax print added an elegant outlook on it's design. \n \nAll Aranya's products are handmade, using natural materials, within a fair trade framework.","in stock","new","5285 BDT","https://res.cloudinary.com/diyc1dizi/image/upload/aranya-product-v2/W0170018SR08193419/104_1.png","https://res.cloudinary.com/diyc1dizi/image/upload/aranya-product-v2/W0170018SR08193419/104_1.png","Aranya","Women>Kimono","Women>Kimono","0","5285","","","","","","","","","","",""
"97","Parsley Bomber Jacket","Pieces from nature, madder &amp; myrabalan were used to dye this Cotton bomber jacket with Red &amp; Gray colour. Wax print added an elegant outlook on it's design. All Aranya's products are handmade, using natural materials, within a fair trade framework.","in stock","new","6985 BDT","https://res.cloudinary.com/diyc1dizi/image/upload/aranya-product-v2/W0170020SR08193319/105_1.png","https://res.cloudinary.com/diyc1dizi/image/upload/aranya-product-v2/W0170020SR08193319/105_1.png","Aranya","Women>Kimono","Women>Kimono","3","6985","","","","","","","","","","",""
"98","Zenith Bomber Jacket","Madder has been used as dyeing materials to derive Red color on this khadi jacket. Anokhi print was used to get the elegant design. \n \nUsing natural materials, full-hand made Aranya's products are align with in fair trade framework.","in stock","new","3985 BDT","https://res.cloudinary.com/diyc1dizi/image/upload/aranya-product-v2/W0170031FF09193719/106_1.png","https://res.cloudinary.com/diyc1dizi/image/upload/aranya-product-v2/W0170031FF09193719/106_1.png","Aranya","Women>Kimono","Women>Kimono","0","3985","","","","","","","","","","",""
"99","Azalea Cotton Kimono","The soothing pink color in this gorgeous kaftan is taken from the best handpicked betelnuts. Wax print has been used on cotton material to creeate the detailed intricacies.All Aranya products are hand made, using natural fibers and materials within a fair trade framework.","in stock","new","2455 BDT","https://res.cloudinary.com/diyc1dizi/image/upload/aranya-product-v2/W0180128NK06220720/107_1.png","https://res.cloudinary.com/diyc1dizi/image/upload/aranya-product-v2/W0180128NK06220720/107_1.png","Aranya","Women>Kimono","Women>Kimono","3","2455","","","","","","","","","","",""
"100","Alyssum Eri Cotton Kimono","The beguiling shades of brown in this mesmerizing kimono are produced from natural element. Wax print has been used on eri cotton to produce the magnificent patterns.All Aranya products are hand made, using natural fibers and materials within a fair trade framework.","in stock","new","5855 BDT","https://res.cloudinary.com/diyc1dizi/image/upload/aranya-product-v2/W0180129NK07221020/108_1.png","https://res.cloudinary.com/diyc1dizi/image/upload/aranya-product-v2/W0180129NK07221020/108_1.png","Aranya","Women>Kimono","Women>Kimono","3","5855","","","","","","","","","","",""
"101","Lberis Eri Cotton Kimono","The sensitive olive shade on this Eri cotton kimono comes from nature. eri cotton was utilized to upgrade the appearance with elite structure.All Aranya products are handmade, using natural materials, within a fair trade framework.","in stock","new","5855 BDT","https://res.cloudinary.com/diyc1dizi/image/upload/aranya-product-v2/W0180130NK07221020/109_2.png","https://res.cloudinary.com/diyc1dizi/image/upload/aranya-product-v2/W0180130NK07221020/109_2.png","Aranya","Women>Kimono","Women>Kimono","3","5855","","","","","","","","","","",""
"102","Hyssop silk kimono","Mixing the two different combinations of color and wax print in this pure silk makes this kimono a variant look.All Aranya products are handmade, using natural fibers and materials within a fair-trade framework.","in stock","new","6955 BDT","https://res.cloudinary.com/diyc1dizi/image/upload/aranya-product-v2/W0180131NK08224619/110_1.png","https://res.cloudinary.com/diyc1dizi/image/upload/aranya-product-v2/W0180131NK08224619/110_1.png","Aranya","Women>Kimono","Women>Kimono","2","6955","","","","","","","","","","",""
"103","Brunnera linen kaftan","Mixing the two different combinations of color and wax print in this pure silk makes this kimono a variant look. All Aranya products are handmade, using natural fibers and materials within a fair-trade framework.","in stock","new","2955 BDT","https://res.cloudinary.com/diyc1dizi/image/upload/aranya-product-v2/W0190088NK06220520/111_1.png","https://res.cloudinary.com/diyc1dizi/image/upload/aranya-product-v2/W0190088NK06220520/111_1.png","Aranya","Women>Kaftan","Women>Kaftan","8","2955","","","","","","","","","","",""
"104","Kantha Voil Kurti","The captivating shades of blue and red in this ravishing Kurti are produced with colors given off by organically grown cmadder and indigo. The shibori has been used on the body on cotton material to add details. The nakshi kantha work added a traditional lookAll Aranya products are handmade, using natural fibers and materials within a fair trade framework.","in stock","new","4495 BDT","https://res.cloudinary.com/diyc1dizi/image/upload/aranya-product-v2/W0210145MAE2183118/112_1.png","https://res.cloudinary.com/diyc1dizi/image/upload/aranya-product-v2/W0210145MAE2183118/112_1.png","Aranya","Women>Kurti & Fatua","Women>Kurti & Fatua","2","4495","","","","","","","","","","",""
"105","Lantana Kurti","A balance of Madder was used to bring out the Red colour. This Enri silk Kurti was designed with wax print technique to perish its natural outlook. Using natural materials, Full hand-made Aranya's products are aligned within fair trade framework.","in stock","new","6195 BDT","https://res.cloudinary.com/diyc1dizi/image/upload/aranya-product-v2/W0210194FF04191819/_ASP8019-copy.png","https://res.cloudinary.com/diyc1dizi/image/upload/aranya-product-v2/W0210194FF04191819/_ASP8019-copy.png","Aranya","Women>Kurti & Fatua","Women>Kurti & Fatua","4","6195","","","","","","","","","","",""
"106","Silk shirred blouse","This maroon shirred blouse is an universal fit and can be worn with any saree of your choice. Silk fabric used also provides a smooth touch to the skin. All Aranya products are handmade, using natural materials, within a fair trade framework.","in stock","new","5800 BDT","https://res.cloudinary.com/diyc1dizi/image/upload/aranya-product-v2/W0300133SF04221822/Aranya-_01-06-22_-175.png","https://res.cloudinary.com/diyc1dizi/image/upload/aranya-product-v2/W0300133SF04221822/Aranya-_01-06-22_-175.png","Aranya","Women>Tops & Shirts","Women>Tops & Shirts","0","5800","","","","","","","","","","",""
"107","Jovial Knit Cotton T","A mixture of Madder &amp; Catechu were used to bring out Red &amp; Brown colours on this Cotton T-shirt . Block print technique amplified it bold design. All Aranya products are hand-made, using natural materials, align within a fair trade framework.","in stock","new","975 BDT","https://res.cloudinary.com/diyc1dizi/image/upload/aranya-product-v2/W0920012NH12194619/W0920012NH12194619_1.png","https://res.cloudinary.com/diyc1dizi/image/upload/aranya-product-v2/W0920012NH12194619/W0920012NH12194619_1.png","Aranya","Women>Tops & Shirts","Women>Tops & Shirts","3","975","","","","","","","","","","",""
"108","Aether cotton t","A mixture of Madder &amp; Catechu were used to bring out Red &amp; Brown colours on this Cotton T-shirt . Block print technique amplified it bold design. All Aranya products are hand-made, using natural materials, align within a fair trade framework.","in stock","new","1175 BDT","https://res.cloudinary.com/diyc1dizi/image/upload/aranya-product-v2/W0920013NH12194519/W0920013NH12194519_2.png","https://res.cloudinary.com/diyc1dizi/image/upload/aranya-product-v2/W0920013NH12194519/W0920013NH12194519_2.png","Aranya","Women>Tops & Shirts","Women>Tops & Shirts","0","1175","","","","","","","","","","",""
"109","Delphinium Knit Cotton T","Aranya's ""Natural Tee"" collection reveals the Delphinium Knit Cotton T-Shirt, a pure olive cotton T-Shirt created by using a wax technique. All Aranya products are handmade, using natural materials, within a fair trade framework.","in stock","new","975 BDT","https://res.cloudinary.com/diyc1dizi/image/upload/aranya-product-v2/W0920014NH12194619/W0920014NH12194619_1.png","https://res.cloudinary.com/diyc1dizi/image/upload/aranya-product-v2/W0920014NH12194619/W0920014NH12194619_1.png","Aranya","Women>Tops & Shirts","Women>Tops & Shirts","3","975","","","","","","","","","","",""
"110","Celestial knit cotton T","Brown shades on this knit cotton T-shirt has derived from Catechu . The intricate details has been outlined with plain dye technique. All Aranya products are handmade, using natural materials, within a fair trade framework.","in stock","new","1175 BDT","https://res.cloudinary.com/diyc1dizi/image/upload/aranya-product-v2/W0920015NH12194619/W0920015NH12194619_1.png","https://res.cloudinary.com/diyc1dizi/image/upload/aranya-product-v2/W0920015NH12194619/W0920015NH12194619_1.png","Aranya","Women>Tops & Shirts","Women>Tops & Shirts","1","1175","","","","","","","","","","",""
"111","Redmix Knit Cotton Leggings","Indigo has been used as dyeing materials which is derive to blue color on this knit cotton Leggings. Plain dye was used to get the elegant design. \n \nUsing natural materials, full-hand made Aranya's products are align with in fair trade framework.","in stock","new","955 BDT","https://res.cloudinary.com/diyc1dizi/image/upload/aranya-product-v2/W1080001NH10194019/W1080001NH10194019_1.png","https://res.cloudinary.com/diyc1dizi/image/upload/aranya-product-v2/W1080001NH10194019/W1080001NH10194019_1.png","Aranya","Accessories>Stoles","Accessories>Stoles","0","955","","","","","","","","","","",""
"112","Irises creap silk orna","The subtle tones in this orna would pair amazingly with a contrasting dark colored dress. The creap silk fabric provides comfort from the scorching heat. All Aaranya products are handmade, using natural materials, within a fair trade framework.","in stock","new","4775 BDT","https://res.cloudinary.com/diyc1dizi/image/upload/aranya-product-v2/WO002NK31R22INH3122/WO002NK31R22INH3122_1.png","https://res.cloudinary.com/diyc1dizi/image/upload/aranya-product-v2/WO002NK31R22INH3122/WO002NK31R22INH3122_1.png","Aranya","Accessories>Orna","Accessories>Orna","3","4775","","","","","","","","","","",""
"113","Spirea Cotton kota saree","This cotton kota saree which is dyed in olive and blue. This saree can use as regular wear and make one more alluring. All Aranya products are handmade, using natural fibers and materials within a fair-trade framework.","in stock","new","4995 BDT","https://res.cloudinary.com/diyc1dizi/image/upload/aranya-product-v2/WS018SF31R22INH3222/WS018SF31R22INH3222_1.png","https://res.cloudinary.com/diyc1dizi/image/upload/aranya-product-v2/WS018SF31R22INH3222/WS018SF31R22INH3222_1.png","Aranya","Women>Saree","Women>Saree","7","4995","","","","","","","","","","",""
"114","Alyssum endi cotton saree","A blend of modern workmanship, traditional block print and natural color madder as red and indigo as blue used in this eri cotton saree draw out the solace and style. All Aranya products are handmade, using natural fibers and materials within a fair-trade framework.","in stock","new","5995 BDT","https://res.cloudinary.com/diyc1dizi/image/upload/aranya-product-v2/WS021BA33R22INH3322/WS021BA33R22INH3322_1.png","https://res.cloudinary.com/diyc1dizi/image/upload/aranya-product-v2/WS021BA33R22INH3322/WS021BA33R22INH3322_1.png","Aranya","Women>Saree","Women>Saree","7","5995","","","","","","","","","","",""
"115","Brunnera Cotton Than Saree","By combining the natural dyes found in gray and blue paar for use in cotton saree. To give this composition a festive appearance, wax decoration print has been used. All Aranya products are handmade, using natural fibers and materials within a fair-trade framework.","in stock","new","4500 BDT","https://res.cloudinary.com/diyc1dizi/image/upload/aranya-product-v2/WS022BA33R22INH3322/WS022BA33R22INH3322_1.png","https://res.cloudinary.com/diyc1dizi/image/upload/aranya-product-v2/WS022BA33R22INH3322/WS022BA33R22INH3322_1.png","Aranya","Women>Saree","Women>Saree","4","4500","","","","","","","","","","",""
"116","Sweet Pea Endi Half Silk Saree","Blue and Gray have been used as dyeing materials on this eri half silk saree. Wax print and Kantha stitch was used to get the elegant design. All Aranya products are handmade, using natural fibers and materials, within a fair trade framework.","in stock","new","10995 BDT","https://res.cloudinary.com/diyc1dizi/image/upload/aranya-product-v2/WS023SF33R22INH3322/WS023SF33R22INH3322_1.png","https://res.cloudinary.com/diyc1dizi/image/upload/aranya-product-v2/WS023SF33R22INH3322/WS023SF33R22INH3322_1.png","Aranya","Women>Saree","Women>Saree","4","10995","","","","","","","","","","",""
"117","Yarrow Cotton Saree","With an inspiration of a olive shade, this wax ornamentation print has been applied to give this composition a festive look.All Aranya products are handmade, using natural fibers and materials within a fair-trade framework.","in stock","new","4500 BDT","https://res.cloudinary.com/diyc1dizi/image/upload/aranya-product-v2/WS024BA33R22INH3322/WS024BA33R22INH3322_1.png","https://res.cloudinary.com/diyc1dizi/image/upload/aranya-product-v2/WS024BA33R22INH3322/WS024BA33R22INH3322_1.png","Aranya","Women>Saree","Women>Saree","7","4500","","","","","","","","","","",""
"118","Starling Endi Cotton Saree","The Flower tones of this eri cotton saree do the best work in making you truly feel beautiful, making it the perfect wear for all of your favorite occasions. All Aranya products are handmade, using natural materials, within a fair trade framework.","in stock","new","5995 BDT","https://res.cloudinary.com/diyc1dizi/image/upload/aranya-product-v2/WS025MC33R22INH3422/WS025MC33R22INH3422_1.png","https://res.cloudinary.com/diyc1dizi/image/upload/aranya-product-v2/WS025MC33R22INH3422/WS025MC33R22INH3422_1.png","Aranya","Women>Saree","Women>Saree","8","5995","","","","","","","","","","",""
"119","Dendrobium Eri Cotton Saree","The pink color affects the mind and body by causing pleasant feelings. This eri cotton saree is decorated with wax. All Aranya products are handmade, using natural fibers and materials within a fair trade framework.","in stock","new","5995 BDT","https://res.cloudinary.com/diyc1dizi/image/upload/aranya-product-v2/WS026SF33R22INH3422/WS026SF33R22INH3422_1.png","https://res.cloudinary.com/diyc1dizi/image/upload/aranya-product-v2/WS026SF33R22INH3422/WS026SF33R22INH3422_1.png","Aranya","Women>Saree","Women>Saree","9","5995","","","","","","","","","","",""
"120","Clematis Cotton kota Saree","This exclusive wax printed natural dyed saree is contains two shades of Navy colour. All Aranya products are handmade, using natural materials, within a fair trade framework.","in stock","new","5995 BDT","https://res.cloudinary.com/diyc1dizi/image/upload/aranya-product-v2/WS027SF33R22INH3422/WS027SF33R22INH3422_1.png","https://res.cloudinary.com/diyc1dizi/image/upload/aranya-product-v2/WS027SF33R22INH3422/WS027SF33R22INH3422_1.png","Aranya","Women>Saree","Women>Saree","5","5995","","","","","","","","","","",""
"121","Blosoom Cotton Kota saree","This exclusive wax printed cotton kota saree dyed in brown and olive. Making it the perfect wear for all of your favorite occasions. All Aranya products are handmade, using natural materials, within a fair trade framework","in stock","new","4995 BDT","https://res.cloudinary.com/diyc1dizi/image/upload/aranya-product-v2/WS028MC33R22INH3422/WS028MC33R22INH3422_1.png","https://res.cloudinary.com/diyc1dizi/image/upload/aranya-product-v2/WS028MC33R22INH3422/WS028MC33R22INH3422_1.png","Aranya","Women>Saree","Women>Saree","8","4995","","","","","","","","","","",""
"122","Dazzling Cotton Kota Saree","Both hues show out brilliantly in this saree because to the contrasting tones. It is a comfortable fabric with dual designs and cotton kota fabric. All Aranya products are handmade, using natural materials, within a fair trade framework.","in stock","new","4995 BDT","https://res.cloudinary.com/diyc1dizi/image/upload/aranya-product-v2/WS030BA34R22INH3522/WS030BA34R22INH3522_1.png","https://res.cloudinary.com/diyc1dizi/image/upload/aranya-product-v2/WS030BA34R22INH3522/WS030BA34R22INH3522_1.png","Aranya","Women>Saree","Women>Saree","8","4995","","","","","","","","","","",""
"123","Crimson Cotton Than Saree","Beautiful imprints were created on cotton using the wax. Natural elements are used to create the stunning teal, blue and red colors. All Aranya products are handmade, using natural materials, within a fair trade framework.","in stock","new","4995 BDT","https://res.cloudinary.com/diyc1dizi/image/upload/aranya-product-v2/WS033SF35R22INH3622/WS033SF35R22INH3622_1.png","https://res.cloudinary.com/diyc1dizi/image/upload/aranya-product-v2/WS033SF35R22INH3622/WS033SF35R22INH3622_1.png","Aranya","Women>Saree","Women>Saree","2","4995","","","","","","","","","","",""
"124","Anemone Cotton Saree","By unifying the natural dye of Blue at paar and anchol, and teal body in the cotton than saree. Wax ornamentation print has been applied to give this composition a festive look. All Aranya products are handmade, using natural materials, within a fair trade framework.","in stock","new","4995 BDT","https://res.cloudinary.com/diyc1dizi/image/upload/aranya-product-v2/WS32TA35R22INH3622/WS32TA35R22INH3622_1.png","https://res.cloudinary.com/diyc1dizi/image/upload/aranya-product-v2/WS32TA35R22INH3622/WS32TA35R22INH3622_1.png","Aranya","Women>Saree","Women>Saree","4","4995","","","","","","","","","","",""
"125","Tribal Flare Choker","Sterling silver coins have been attached to this choker that has been woven delicately with Terracotta, Rudrakha and wooden beads. The colours are relfections of natural dyes of Indigo and Madder.","in stock","new","4650 BDT","https://res.cloudinary.com/diyc1dizi/image/upload/aranya-product-v2/J0400004MA1116/web.png","https://res.cloudinary.com/diyc1dizi/image/upload/aranya-product-v2/J0400004MA1116/web.png","Aranya","Accessories>Other Jewellery","Accessories>Other Jewellery","10","4650","","","","","","","","","","",""
"126","Riley Tyler","Click the&nbsp;Add product&nbsp;button near the&nbsp;Products&nbsp;label. Follow carefully the instructions below:On the&nbsp;Add Products&nbsp;to Your App, go to the&nbsp;Facebook Login for business&nbsp;and click the&nbsp;Set-Up&nbsp;button","in stock","new","899 BDT","https://res.cloudinary.com/diyc1dizi/image/upload/v1685950062/aranya/344793903_1032554851457232_917839760543745168_n.jpg","https://res.cloudinary.com/diyc1dizi/image/upload/v1685950062/aranya/344793903_1032554851457232_917839760543745168_n.jpg","Aranya","Home Furnishings>Table Cloth","Home Furnishings>Table Cloth","87","899","","","","Off-White,Olive","","","","","0.2 kg","",""
"127","Riley Tyler","Click the&nbsp;Add product&nbsp;button near the&nbsp;Products&nbsp;label. Follow carefully the instructions below:On the&nbsp;Add Products&nbsp;to Your App, go to the&nbsp;Facebook Login for business&nbsp;and click the&nbsp;Set-Up&nbsp;button","in stock","new","899 BDT","https://res.cloudinary.com/diyc1dizi/image/upload/v1685950062/aranya/344793903_1032554851457232_917839760543745168_n.jpg","https://res.cloudinary.com/diyc1dizi/image/upload/v1685950062/aranya/344793903_1032554851457232_917839760543745168_n.jpg","Aranya","Home Furnishings>Table Cloth","Home Furnishings>Table Cloth","87","899","","","","Off-White,Olive","","","","","0.2 kg","",""
"128","Clayton Hardin","Empowering community through open source technology.","in stock","new","654 BDT","https://res.cloudinary.com/diyc1dizi/image/upload/aranya/338334282_1308641929686659_5561078571324706171_n.jpg","https://res.cloudinary.com/diyc1dizi/image/upload/aranya/338334282_1308641929686659_5561078571324706171_n.jpg","Aranya","Home Furnishings>Ceramic","Home Furnishings>Ceramic","998","654","","","","White,Teal","","","","","0.1kg","",""
"129","Dahlia Ortiz","just to add a little something: Bootstrap also provides the&nbsp;sr-only&nbsp;class to hide ""accessibility"" elements.","in stock","new","454 BDT","https://res.cloudinary.com/diyc1dizi/image/upload/aranya/WhatsApp_Image_2023-01-08_at_1.37.14_PM.jpg","https://res.cloudinary.com/diyc1dizi/image/upload/aranya/WhatsApp_Image_2023-01-08_at_1.37.14_PM.jpg","Aranya","Kids>Boys","Kids>Boys","455","454","","","","Gray,Purple,Green","","","","","0.2 kg","",""
"130","Dahlia Ortiz","The given output shows that all the specified values from an array are successfully removed. some addes","in stock","new","455 BDT","https://res.cloudinary.com/diyc1dizi/image/upload/aranya/german-lopez-fKDF8bGGklY-unsplash.jpg","https://res.cloudinary.com/diyc1dizi/image/upload/aranya/german-lopez-fKDF8bGGklY-unsplash.jpg","Aranya","Home Furnishings>Basket","Home Furnishings>Basket","544","455","","","","Manjit","","","","","0.4kg","",""
"131","Leslie Bradshaw new","using his feet to hit down the ground or sweeping high over long-off, one ball flying out of the ground. He also played fluently against the seamers, controlling the hook shot well, driving and cutting and twice depositing Somerset's most experienced bowler Jack Brooks over long-off for six.","in stock","new","987 BDT","https://res.cloudinary.com/diyc1dizi/image/upload/aranya/360037306_266109642835079_8141540122326187073_n.jpg","https://res.cloudinary.com/diyc1dizi/image/upload/aranya/360037306_266109642835079_8141540122326187073_n.jpg","Aranya","Accessories>Scarves","Accessories>Scarves","575","987","","","","Navy","","","","","0.4kg","",""
